{
  "project_info": {
    "project_number": "1079244272150",
    "project_id": "bike-inc-b083b",
    "storage_bucket": "bike-inc-b083b.appspot.com"
  },
  "client": [
    {
      "client_info": {
        "mobilesdk_app_id": "1:1079244272150:android:44432b29950d26d3727b37",
        "android_client_info": {
          "package_name": "com.arif.bikeinc"
        }
      },
      "oauth_client": [
        {
          "client_id": "1079244272150-nrl886q62g4f20v333o76902n0nu9g0k.apps.googleusercontent.com",
          "client_type": 3
        }
      ],
      "api_key": [
        {
          "current_key": "AIzaSyAtA6QiggZMBfCixGSeXaA7glCeUkVG-Cw"
        }
      ],
      "services": {
        "appinvite_service": {
          "other_platform_oauth_client": [
            {
              "client_id": "1079244272150-nrl886q62g4f20v333o76902n0nu9g0k.apps.googleusercontent.com",
              "client_type": 3
            }
          ]
        }
      }
    }
  ],
  "configuration_version": "1"
}